trivials	empty	rule	c2	c3	c4	c5	f1	f2	f3	f4	f5	covPostCases	confidence	lift	globalQuality	withoutTrivial	optimised	iteration	treeNode	simplification	oneCatAltIndex	extLength	covPostCases2	support
1	""	plas>=127.5	mass>=29.95	" "	" "	" "	plas	mass	" "	" "	" "	0.559701492537313	0.72463768115942	2.08	0.405580791693705	=if(or(A2 = "R";isnumber(match(c2;a$1:a$1000;0));isnumber(match(h2;a$1:a$1000;0));isnumber(match(d2;a$1:a$1000;0));isnumber(match(i2;a$1:a$1000;0));isnumber(match(e2;a$1:a$1000;0));isnumber(match(j2;a$1:a$1000;0));isnumber(match(f2;a$1:a$1000;0));isnumber(match(k2;a$1:a$1000;0));isnumber(match(g2;a$1:a$1000;0));isnumber(match(l2;a$1:a$1000;0)));0;p2)	From Tree node	1	7	""	""	1	150	207
2	""	0.614840989399293	0.463983050847458								""	""	""	""	""	=if(or(A2 = "R";isnumber(match(c2;a$1:a$1000;0));isnumber(match(h2;a$1:a$1000;0));isnumber(match(d2;a$1:a$1000;0));isnumber(match(i2;a$1:a$1000;0));isnumber(match(e2;a$1:a$1000;0));isnumber(match(j2;a$1:a$1000;0));isnumber(match(f2;a$1:a$1000;0));isnumber(match(k2;a$1:a$1000;0));isnumber(match(g2;a$1:a$1000;0));isnumber(match(l2;a$1:a$1000;0)));0;p2)	From Tree node	1	7	""	""	""	""	""
3	""	-0.463983050847458	-0.614840989399293								""	""	""	""	""	=if(or(A2 = "R";isnumber(match(c2;a$1:a$1000;0));isnumber(match(h2;a$1:a$1000;0));isnumber(match(d2;a$1:a$1000;0));isnumber(match(i2;a$1:a$1000;0));isnumber(match(e2;a$1:a$1000;0));isnumber(match(j2;a$1:a$1000;0));isnumber(match(f2;a$1:a$1000;0));isnumber(match(k2;a$1:a$1000;0));isnumber(match(g2;a$1:a$1000;0));isnumber(match(l2;a$1:a$1000;0)));0;p2)	From Tree node	1	7	""	""	""	""	""
4	""	 	 	 	 	 	 	 	 	 	""	""	""	""	""	=if(or(A2 = "R";isnumber(match(c2;a$1:a$1000;0));isnumber(match(h2;a$1:a$1000;0));isnumber(match(d2;a$1:a$1000;0));isnumber(match(i2;a$1:a$1000;0));isnumber(match(e2;a$1:a$1000;0));isnumber(match(j2;a$1:a$1000;0));isnumber(match(f2;a$1:a$1000;0));isnumber(match(k2;a$1:a$1000;0));isnumber(match(g2;a$1:a$1000;0));isnumber(match(l2;a$1:a$1000;0)));0;p2)	From Tree node	1	7	""	""	""	""	""
5	""	plas>=145.5	" "	" "	" "	" "	plas	" "	" "	" "	" "	0.440298507462687	0.719512195121951	2.06	0.316800145613396	=if(or(A6 = "R";isnumber(match(c6;a$1:a$1000;0));isnumber(match(h6;a$1:a$1000;0));isnumber(match(d6;a$1:a$1000;0));isnumber(match(i6;a$1:a$1000;0));isnumber(match(e6;a$1:a$1000;0));isnumber(match(j6;a$1:a$1000;0));isnumber(match(f6;a$1:a$1000;0));isnumber(match(k6;a$1:a$1000;0));isnumber(match(g6;a$1:a$1000;0));isnumber(match(l6;a$1:a$1000;0)));0;p6)	ShorterRule		55	1	3	1	118	164
6	""	0.719512195121951									""	""	""	""	""	=if(or(A6 = "R";isnumber(match(c6;a$1:a$1000;0));isnumber(match(h6;a$1:a$1000;0));isnumber(match(d6;a$1:a$1000;0));isnumber(match(i6;a$1:a$1000;0));isnumber(match(e6;a$1:a$1000;0));isnumber(match(j6;a$1:a$1000;0));isnumber(match(f6;a$1:a$1000;0));isnumber(match(k6;a$1:a$1000;0));isnumber(match(g6;a$1:a$1000;0));isnumber(match(l6;a$1:a$1000;0)));0;p6)	ShorterRule		55	1	3	""	""	""
7	""	-0.348958333333333									""	""	""	""	""	=if(or(A6 = "R";isnumber(match(c6;a$1:a$1000;0));isnumber(match(h6;a$1:a$1000;0));isnumber(match(d6;a$1:a$1000;0));isnumber(match(i6;a$1:a$1000;0));isnumber(match(e6;a$1:a$1000;0));isnumber(match(j6;a$1:a$1000;0));isnumber(match(f6;a$1:a$1000;0));isnumber(match(k6;a$1:a$1000;0));isnumber(match(g6;a$1:a$1000;0));isnumber(match(l6;a$1:a$1000;0)));0;p6)	ShorterRule		55	1	3	""	""	""
8	""	 	 	 	 	 	 	 	 	 	""	""	""	""	""	=if(or(A6 = "R";isnumber(match(c6;a$1:a$1000;0));isnumber(match(h6;a$1:a$1000;0));isnumber(match(d6;a$1:a$1000;0));isnumber(match(i6;a$1:a$1000;0));isnumber(match(e6;a$1:a$1000;0));isnumber(match(j6;a$1:a$1000;0));isnumber(match(f6;a$1:a$1000;0));isnumber(match(k6;a$1:a$1000;0));isnumber(match(g6;a$1:a$1000;0));isnumber(match(l6;a$1:a$1000;0)));0;p6)	ShorterRule		55	1	3	""	""	""
9	""	plas>=145.5	age< 61	" "	" "	" "	plas	age	" "	" "	" "	0.421641791044776	0.733766233766234	2.1	0.309386509013375	=if(or(A10 = "R";isnumber(match(c10;a$1:a$1000;0));isnumber(match(h10;a$1:a$1000;0));isnumber(match(d10;a$1:a$1000;0));isnumber(match(i10;a$1:a$1000;0));isnumber(match(e10;a$1:a$1000;0));isnumber(match(j10;a$1:a$1000;0));isnumber(match(f10;a$1:a$1000;0));isnumber(match(k10;a$1:a$1000;0));isnumber(match(g10;a$1:a$1000;0));isnumber(match(l10;a$1:a$1000;0)));0;p10)	ShorterRule		55	1	1	1	113	154
10	""	0.719512195121951	0.352226720647773								""	""	""	""	""	=if(or(A10 = "R";isnumber(match(c10;a$1:a$1000;0));isnumber(match(h10;a$1:a$1000;0));isnumber(match(d10;a$1:a$1000;0));isnumber(match(i10;a$1:a$1000;0));isnumber(match(e10;a$1:a$1000;0));isnumber(match(j10;a$1:a$1000;0));isnumber(match(f10;a$1:a$1000;0));isnumber(match(k10;a$1:a$1000;0));isnumber(match(g10;a$1:a$1000;0));isnumber(match(l10;a$1:a$1000;0)));0;p10)	ShorterRule		55	1	1	""	""	""
11	""	-0.352226720647773	-0.719512195121951								""	""	""	""	""	=if(or(A10 = "R";isnumber(match(c10;a$1:a$1000;0));isnumber(match(h10;a$1:a$1000;0));isnumber(match(d10;a$1:a$1000;0));isnumber(match(i10;a$1:a$1000;0));isnumber(match(e10;a$1:a$1000;0));isnumber(match(j10;a$1:a$1000;0));isnumber(match(f10;a$1:a$1000;0));isnumber(match(k10;a$1:a$1000;0));isnumber(match(g10;a$1:a$1000;0));isnumber(match(l10;a$1:a$1000;0)));0;p10)	ShorterRule		55	1	1	""	""	""
12	""	 	 	 	 	 	 	 	 	 	""	""	""	""	""	=if(or(A10 = "R";isnumber(match(c10;a$1:a$1000;0));isnumber(match(h10;a$1:a$1000;0));isnumber(match(d10;a$1:a$1000;0));isnumber(match(i10;a$1:a$1000;0));isnumber(match(e10;a$1:a$1000;0));isnumber(match(j10;a$1:a$1000;0));isnumber(match(f10;a$1:a$1000;0));isnumber(match(k10;a$1:a$1000;0));isnumber(match(g10;a$1:a$1000;0));isnumber(match(l10;a$1:a$1000;0)));0;p10)	ShorterRule		55	1	1	""	""	""
13	""	plas>=127.5	plas>=154.5	" "	" "	" "	plas	plas	" "	" "	" "	0.365671641791045	0.80327868852459	2.3	0.293736236848544	=if(or(A14 = "R";isnumber(match(c14;a$1:a$1000;0));isnumber(match(h14;a$1:a$1000;0));isnumber(match(d14;a$1:a$1000;0));isnumber(match(i14;a$1:a$1000;0));isnumber(match(e14;a$1:a$1000;0));isnumber(match(j14;a$1:a$1000;0));isnumber(match(f14;a$1:a$1000;0));isnumber(match(k14;a$1:a$1000;0));isnumber(match(g14;a$1:a$1000;0));isnumber(match(l14;a$1:a$1000;0)));0;p14)	From Tree node	11	7	""	""	1	98	122
14	""	0.614840989399293	0.80327868852459								""	""	""	""	""	=if(or(A14 = "R";isnumber(match(c14;a$1:a$1000;0));isnumber(match(h14;a$1:a$1000;0));isnumber(match(d14;a$1:a$1000;0));isnumber(match(i14;a$1:a$1000;0));isnumber(match(e14;a$1:a$1000;0));isnumber(match(j14;a$1:a$1000;0));isnumber(match(f14;a$1:a$1000;0));isnumber(match(k14;a$1:a$1000;0));isnumber(match(g14;a$1:a$1000;0));isnumber(match(l14;a$1:a$1000;0)));0;p14)	From Tree node	11	7	""	""	""	""	""
15	""	-0.80327868852459	-0.614840989399293								""	""	""	""	""	=if(or(A14 = "R";isnumber(match(c14;a$1:a$1000;0));isnumber(match(h14;a$1:a$1000;0));isnumber(match(d14;a$1:a$1000;0));isnumber(match(i14;a$1:a$1000;0));isnumber(match(e14;a$1:a$1000;0));isnumber(match(j14;a$1:a$1000;0));isnumber(match(f14;a$1:a$1000;0));isnumber(match(k14;a$1:a$1000;0));isnumber(match(g14;a$1:a$1000;0));isnumber(match(l14;a$1:a$1000;0)));0;p14)	From Tree node	11	7	""	""	""	""	""
16	""	 	 	 	 	 	 	 	 	 	""	""	""	""	""	=if(or(A14 = "R";isnumber(match(c14;a$1:a$1000;0));isnumber(match(h14;a$1:a$1000;0));isnumber(match(d14;a$1:a$1000;0));isnumber(match(i14;a$1:a$1000;0));isnumber(match(e14;a$1:a$1000;0));isnumber(match(j14;a$1:a$1000;0));isnumber(match(f14;a$1:a$1000;0));isnumber(match(k14;a$1:a$1000;0));isnumber(match(g14;a$1:a$1000;0));isnumber(match(l14;a$1:a$1000;0)));0;p14)	From Tree node	11	7	""	""	""	""	""
17	""	plas>=127.5	mass>=29.95	age>=30.5	" "	" "	plas	mass	age	" "	" "	0.365671641791045	0.790322580645161	2.26	0.288998555609052	=if(or(A18 = "R";isnumber(match(c18;a$1:a$1000;0));isnumber(match(h18;a$1:a$1000;0));isnumber(match(d18;a$1:a$1000;0));isnumber(match(i18;a$1:a$1000;0));isnumber(match(e18;a$1:a$1000;0));isnumber(match(j18;a$1:a$1000;0));isnumber(match(f18;a$1:a$1000;0));isnumber(match(k18;a$1:a$1000;0));isnumber(match(g18;a$1:a$1000;0));isnumber(match(l18;a$1:a$1000;0)));0;p18)	Simplified		29	1	""	1	98	124
18	""	0.614840989399293	0.463983050847458	0.507122507122507							""	""	""	""	""	=if(or(A18 = "R";isnumber(match(c18;a$1:a$1000;0));isnumber(match(h18;a$1:a$1000;0));isnumber(match(d18;a$1:a$1000;0));isnumber(match(i18;a$1:a$1000;0));isnumber(match(e18;a$1:a$1000;0));isnumber(match(j18;a$1:a$1000;0));isnumber(match(f18;a$1:a$1000;0));isnumber(match(k18;a$1:a$1000;0));isnumber(match(g18;a$1:a$1000;0));isnumber(match(l18;a$1:a$1000;0)));0;p18)	Simplified		29	1	""	""	""	""
19	""	-0.604255319148936	-0.682352941176471	-0.72463768115942							""	""	""	""	""	=if(or(A18 = "R";isnumber(match(c18;a$1:a$1000;0));isnumber(match(h18;a$1:a$1000;0));isnumber(match(d18;a$1:a$1000;0));isnumber(match(i18;a$1:a$1000;0));isnumber(match(e18;a$1:a$1000;0));isnumber(match(j18;a$1:a$1000;0));isnumber(match(f18;a$1:a$1000;0));isnumber(match(k18;a$1:a$1000;0));isnumber(match(g18;a$1:a$1000;0));isnumber(match(l18;a$1:a$1000;0)));0;p18)	Simplified		29	1	""	""	""	""
20	""	 	 	 	 	 	 	 	 	 	""	""	""	""	""	=if(or(A18 = "R";isnumber(match(c18;a$1:a$1000;0));isnumber(match(h18;a$1:a$1000;0));isnumber(match(d18;a$1:a$1000;0));isnumber(match(i18;a$1:a$1000;0));isnumber(match(e18;a$1:a$1000;0));isnumber(match(j18;a$1:a$1000;0));isnumber(match(f18;a$1:a$1000;0));isnumber(match(k18;a$1:a$1000;0));isnumber(match(g18;a$1:a$1000;0));isnumber(match(l18;a$1:a$1000;0)));0;p18)	Simplified		29	1	""	""	""	""
21	""	plas>=145.5	age>=25.5	" "	" "	" "	plas	age	" "	" "	" "	0.376865671641791	0.737226277372263	2.11	0.277835276173875	=if(or(A22 = "R";isnumber(match(c22;a$1:a$1000;0));isnumber(match(h22;a$1:a$1000;0));isnumber(match(d22;a$1:a$1000;0));isnumber(match(i22;a$1:a$1000;0));isnumber(match(e22;a$1:a$1000;0));isnumber(match(j22;a$1:a$1000;0));isnumber(match(f22;a$1:a$1000;0));isnumber(match(k22;a$1:a$1000;0));isnumber(match(g22;a$1:a$1000;0));isnumber(match(l22;a$1:a$1000;0)));0;p22)	ShorterRule		55	1	2	1	101	137
22	""	0.719512195121951	0.445109780439122								""	""	""	""	""	=if(or(A22 = "R";isnumber(match(c22;a$1:a$1000;0));isnumber(match(h22;a$1:a$1000;0));isnumber(match(d22;a$1:a$1000;0));isnumber(match(i22;a$1:a$1000;0));isnumber(match(e22;a$1:a$1000;0));isnumber(match(j22;a$1:a$1000;0));isnumber(match(f22;a$1:a$1000;0));isnumber(match(k22;a$1:a$1000;0));isnumber(match(g22;a$1:a$1000;0));isnumber(match(l22;a$1:a$1000;0)));0;p22)	ShorterRule		55	1	2	""	""	""
23	""	-0.445109780439122	-0.719512195121951								""	""	""	""	""	=if(or(A22 = "R";isnumber(match(c22;a$1:a$1000;0));isnumber(match(h22;a$1:a$1000;0));isnumber(match(d22;a$1:a$1000;0));isnumber(match(i22;a$1:a$1000;0));isnumber(match(e22;a$1:a$1000;0));isnumber(match(j22;a$1:a$1000;0));isnumber(match(f22;a$1:a$1000;0));isnumber(match(k22;a$1:a$1000;0));isnumber(match(g22;a$1:a$1000;0));isnumber(match(l22;a$1:a$1000;0)));0;p22)	ShorterRule		55	1	2	""	""	""
24	""	 	 	 	 	 	 	 	 	 	""	""	""	""	""	=if(or(A22 = "R";isnumber(match(c22;a$1:a$1000;0));isnumber(match(h22;a$1:a$1000;0));isnumber(match(d22;a$1:a$1000;0));isnumber(match(i22;a$1:a$1000;0));isnumber(match(e22;a$1:a$1000;0));isnumber(match(j22;a$1:a$1000;0));isnumber(match(f22;a$1:a$1000;0));isnumber(match(k22;a$1:a$1000;0));isnumber(match(g22;a$1:a$1000;0));isnumber(match(l22;a$1:a$1000;0)));0;p22)	ShorterRule		55	1	2	""	""	""
25	""	plas>=145.5	age>=25.5	age< 61	" "	" "	plas	age	age	" "	" "	0.358208955223881	0.755905511811024	2.17	0.270772123633799	=if(or(A26 = "R";isnumber(match(c26;a$1:a$1000;0));isnumber(match(h26;a$1:a$1000;0));isnumber(match(d26;a$1:a$1000;0));isnumber(match(i26;a$1:a$1000;0));isnumber(match(e26;a$1:a$1000;0));isnumber(match(j26;a$1:a$1000;0));isnumber(match(f26;a$1:a$1000;0));isnumber(match(k26;a$1:a$1000;0));isnumber(match(g26;a$1:a$1000;0));isnumber(match(l26;a$1:a$1000;0)));0;p26)	Simplified		55	1	""	1	96	127
26	""	0.719512195121951	0.445109780439122	0.352226720647773							""	""	""	""	""	=if(or(A26 = "R";isnumber(match(c26;a$1:a$1000;0));isnumber(match(h26;a$1:a$1000;0));isnumber(match(d26;a$1:a$1000;0));isnumber(match(i26;a$1:a$1000;0));isnumber(match(e26;a$1:a$1000;0));isnumber(match(j26;a$1:a$1000;0));isnumber(match(f26;a$1:a$1000;0));isnumber(match(k26;a$1:a$1000;0));isnumber(match(g26;a$1:a$1000;0));isnumber(match(l26;a$1:a$1000;0)));0;p26)	Simplified		55	1	""	""	""	""
27	""	-0.455696202531646	-0.733766233766234	-0.737226277372263							""	""	""	""	""	=if(or(A26 = "R";isnumber(match(c26;a$1:a$1000;0));isnumber(match(h26;a$1:a$1000;0));isnumber(match(d26;a$1:a$1000;0));isnumber(match(i26;a$1:a$1000;0));isnumber(match(e26;a$1:a$1000;0));isnumber(match(j26;a$1:a$1000;0));isnumber(match(f26;a$1:a$1000;0));isnumber(match(k26;a$1:a$1000;0));isnumber(match(g26;a$1:a$1000;0));isnumber(match(l26;a$1:a$1000;0)));0;p26)	Simplified		55	1	""	""	""	""
28	""	 	 	 	 	 	 	 	 	 	""	""	""	""	""	=if(or(A26 = "R";isnumber(match(c26;a$1:a$1000;0));isnumber(match(h26;a$1:a$1000;0));isnumber(match(d26;a$1:a$1000;0));isnumber(match(i26;a$1:a$1000;0));isnumber(match(e26;a$1:a$1000;0));isnumber(match(j26;a$1:a$1000;0));isnumber(match(f26;a$1:a$1000;0));isnumber(match(k26;a$1:a$1000;0));isnumber(match(g26;a$1:a$1000;0));isnumber(match(l26;a$1:a$1000;0)));0;p26)	Simplified		55	1	""	""	""	""
29	""	plas>=127.5	mass>=29.95	plas>=157.5	" "	" "	plas	mass	plas	" "	" "	0.298507462686567	0.869565217391304	2.49	0.259571706683971	=if(or(A30 = "R";isnumber(match(c30;a$1:a$1000;0));isnumber(match(h30;a$1:a$1000;0));isnumber(match(d30;a$1:a$1000;0));isnumber(match(i30;a$1:a$1000;0));isnumber(match(e30;a$1:a$1000;0));isnumber(match(j30;a$1:a$1000;0));isnumber(match(f30;a$1:a$1000;0));isnumber(match(k30;a$1:a$1000;0));isnumber(match(g30;a$1:a$1000;0));isnumber(match(l30;a$1:a$1000;0)));0;p30)	From Tree node		15	""	""	1	80	92
30	""	0.614840989399293	0.463983050847458	0.8125							""	""	""	""	""	=if(or(A30 = "R";isnumber(match(c30;a$1:a$1000;0));isnumber(match(h30;a$1:a$1000;0));isnumber(match(d30;a$1:a$1000;0));isnumber(match(i30;a$1:a$1000;0));isnumber(match(e30;a$1:a$1000;0));isnumber(match(j30;a$1:a$1000;0));isnumber(match(f30;a$1:a$1000;0));isnumber(match(k30;a$1:a$1000;0));isnumber(match(g30;a$1:a$1000;0));isnumber(match(l30;a$1:a$1000;0)));0;p30)	From Tree node		15	""	""	""	""	""
31	""	-0.869565217391304	-0.8125	-0.72463768115942							""	""	""	""	""	=if(or(A30 = "R";isnumber(match(c30;a$1:a$1000;0));isnumber(match(h30;a$1:a$1000;0));isnumber(match(d30;a$1:a$1000;0));isnumber(match(i30;a$1:a$1000;0));isnumber(match(e30;a$1:a$1000;0));isnumber(match(j30;a$1:a$1000;0));isnumber(match(f30;a$1:a$1000;0));isnumber(match(k30;a$1:a$1000;0));isnumber(match(g30;a$1:a$1000;0));isnumber(match(l30;a$1:a$1000;0)));0;p30)	From Tree node		15	""	""	""	""	""
32	""	 	 	 	 	 	 	 	 	 	""	""	""	""	""	=if(or(A30 = "R";isnumber(match(c30;a$1:a$1000;0));isnumber(match(h30;a$1:a$1000;0));isnumber(match(d30;a$1:a$1000;0));isnumber(match(i30;a$1:a$1000;0));isnumber(match(e30;a$1:a$1000;0));isnumber(match(j30;a$1:a$1000;0));isnumber(match(f30;a$1:a$1000;0));isnumber(match(k30;a$1:a$1000;0));isnumber(match(g30;a$1:a$1000;0));isnumber(match(l30;a$1:a$1000;0)));0;p30)	From Tree node		15	""	""	""	""	""
33	""	mass>=26.95	plas>=99.5	preg>=6.5	" "	" "	mass	plas	preg	" "	" "	0.305970149253731	0.706896551724138	2.03	0.216289243437982	=if(or(A34 = "R";isnumber(match(c34;a$1:a$1000;0));isnumber(match(h34;a$1:a$1000;0));isnumber(match(d34;a$1:a$1000;0));isnumber(match(i34;a$1:a$1000;0));isnumber(match(e34;a$1:a$1000;0));isnumber(match(j34;a$1:a$1000;0));isnumber(match(f34;a$1:a$1000;0));isnumber(match(k34;a$1:a$1000;0));isnumber(match(g34;a$1:a$1000;0));isnumber(match(l34;a$1:a$1000;0)));0;p34)	Simplified	144	47	1	""	1	82	116
34	""	0.427350427350427	0.441330998248686	0.562130177514793							""	""	""	""	""	=if(or(A34 = "R";isnumber(match(c34;a$1:a$1000;0));isnumber(match(h34;a$1:a$1000;0));isnumber(match(d34;a$1:a$1000;0));isnumber(match(i34;a$1:a$1000;0));isnumber(match(e34;a$1:a$1000;0));isnumber(match(j34;a$1:a$1000;0));isnumber(match(f34;a$1:a$1000;0));isnumber(match(k34;a$1:a$1000;0));isnumber(match(g34;a$1:a$1000;0));isnumber(match(l34;a$1:a$1000;0)));0;p34)	Simplified	144	47	1	""	""	""	""
35	""	-0.636363636363636	-0.627737226277372	-0.514285714285714							""	""	""	""	""	=if(or(A34 = "R";isnumber(match(c34;a$1:a$1000;0));isnumber(match(h34;a$1:a$1000;0));isnumber(match(d34;a$1:a$1000;0));isnumber(match(i34;a$1:a$1000;0));isnumber(match(e34;a$1:a$1000;0));isnumber(match(j34;a$1:a$1000;0));isnumber(match(f34;a$1:a$1000;0));isnumber(match(k34;a$1:a$1000;0));isnumber(match(g34;a$1:a$1000;0));isnumber(match(l34;a$1:a$1000;0)));0;p34)	Simplified	144	47	1	""	""	""	""
36	""	 	 	 	 	 	 	 	 	 	""	""	""	""	""	=if(or(A34 = "R";isnumber(match(c34;a$1:a$1000;0));isnumber(match(h34;a$1:a$1000;0));isnumber(match(d34;a$1:a$1000;0));isnumber(match(i34;a$1:a$1000;0));isnumber(match(e34;a$1:a$1000;0));isnumber(match(j34;a$1:a$1000;0));isnumber(match(f34;a$1:a$1000;0));isnumber(match(k34;a$1:a$1000;0));isnumber(match(g34;a$1:a$1000;0));isnumber(match(l34;a$1:a$1000;0)));0;p34)	Simplified	144	47	1	""	""	""	""
37	""	mass>=26.95	plas>=99.5	preg>=6.5	skin< 42	" "	mass	plas	preg	skin	" "	0.276119402985075	0.711538461538462	2.04	0.196469575200919	=if(or(A38 = "R";isnumber(match(c38;a$1:a$1000;0));isnumber(match(h38;a$1:a$1000;0));isnumber(match(d38;a$1:a$1000;0));isnumber(match(i38;a$1:a$1000;0));isnumber(match(e38;a$1:a$1000;0));isnumber(match(j38;a$1:a$1000;0));isnumber(match(f38;a$1:a$1000;0));isnumber(match(k38;a$1:a$1000;0));isnumber(match(g38;a$1:a$1000;0));isnumber(match(l38;a$1:a$1000;0)));0;p38)	Simplified	14	47	1	""	1	74	104
38	""	0.427350427350427	0.441330998248686	0.562130177514793	0.335684062059238						""	""	""	""	""	=if(or(A38 = "R";isnumber(match(c38;a$1:a$1000;0));isnumber(match(h38;a$1:a$1000;0));isnumber(match(d38;a$1:a$1000;0));isnumber(match(i38;a$1:a$1000;0));isnumber(match(e38;a$1:a$1000;0));isnumber(match(j38;a$1:a$1000;0));isnumber(match(f38;a$1:a$1000;0));isnumber(match(k38;a$1:a$1000;0));isnumber(match(g38;a$1:a$1000;0));isnumber(match(l38;a$1:a$1000;0)));0;p38)	Simplified	14	47	1	""	""	""	""
39	""	-0.633587786259542	-0.624	-0.511166253101737	-0.706896551724138						""	""	""	""	""	=if(or(A38 = "R";isnumber(match(c38;a$1:a$1000;0));isnumber(match(h38;a$1:a$1000;0));isnumber(match(d38;a$1:a$1000;0));isnumber(match(i38;a$1:a$1000;0));isnumber(match(e38;a$1:a$1000;0));isnumber(match(j38;a$1:a$1000;0));isnumber(match(f38;a$1:a$1000;0));isnumber(match(k38;a$1:a$1000;0));isnumber(match(g38;a$1:a$1000;0));isnumber(match(l38;a$1:a$1000;0)));0;p38)	Simplified	14	47	1	""	""	""	""
40	""	 	 	 	 	 	 	 	 	 	""	""	""	""	""	=if(or(A38 = "R";isnumber(match(c38;a$1:a$1000;0));isnumber(match(h38;a$1:a$1000;0));isnumber(match(d38;a$1:a$1000;0));isnumber(match(i38;a$1:a$1000;0));isnumber(match(e38;a$1:a$1000;0));isnumber(match(j38;a$1:a$1000;0));isnumber(match(f38;a$1:a$1000;0));isnumber(match(k38;a$1:a$1000;0));isnumber(match(g38;a$1:a$1000;0));isnumber(match(l38;a$1:a$1000;0)));0;p38)	Simplified	14	47	1	""	""	""	""
41	""	plas>=127.5	skin>=31.5	" "	" "	" "	plas	skin	" "	" "	" "	0.264925373134328	0.717171717171717	2.06	0.189996984773104	=if(or(A42 = "R";isnumber(match(c42;a$1:a$1000;0));isnumber(match(h42;a$1:a$1000;0));isnumber(match(d42;a$1:a$1000;0));isnumber(match(i42;a$1:a$1000;0));isnumber(match(e42;a$1:a$1000;0));isnumber(match(j42;a$1:a$1000;0));isnumber(match(f42;a$1:a$1000;0));isnumber(match(k42;a$1:a$1000;0));isnumber(match(g42;a$1:a$1000;0));isnumber(match(l42;a$1:a$1000;0)));0;p42)	Simplified	112	27	1	""	1	71	99
42	""	0.614840989399293	0.465753424657534								""	""	""	""	""	=if(or(A42 = "R";isnumber(match(c42;a$1:a$1000;0));isnumber(match(h42;a$1:a$1000;0));isnumber(match(d42;a$1:a$1000;0));isnumber(match(i42;a$1:a$1000;0));isnumber(match(e42;a$1:a$1000;0));isnumber(match(j42;a$1:a$1000;0));isnumber(match(f42;a$1:a$1000;0));isnumber(match(k42;a$1:a$1000;0));isnumber(match(g42;a$1:a$1000;0));isnumber(match(l42;a$1:a$1000;0)));0;p42)	Simplified	112	27	1	""	""	""	""
43	""	-0.465753424657534	-0.614840989399293								""	""	""	""	""	=if(or(A42 = "R";isnumber(match(c42;a$1:a$1000;0));isnumber(match(h42;a$1:a$1000;0));isnumber(match(d42;a$1:a$1000;0));isnumber(match(i42;a$1:a$1000;0));isnumber(match(e42;a$1:a$1000;0));isnumber(match(j42;a$1:a$1000;0));isnumber(match(f42;a$1:a$1000;0));isnumber(match(k42;a$1:a$1000;0));isnumber(match(g42;a$1:a$1000;0));isnumber(match(l42;a$1:a$1000;0)));0;p42)	Simplified	112	27	1	""	""	""	""
44	""	 	 	 	 	 	 	 	 	 	""	""	""	""	""	=if(or(A42 = "R";isnumber(match(c42;a$1:a$1000;0));isnumber(match(h42;a$1:a$1000;0));isnumber(match(d42;a$1:a$1000;0));isnumber(match(i42;a$1:a$1000;0));isnumber(match(e42;a$1:a$1000;0));isnumber(match(j42;a$1:a$1000;0));isnumber(match(f42;a$1:a$1000;0));isnumber(match(k42;a$1:a$1000;0));isnumber(match(g42;a$1:a$1000;0));isnumber(match(l42;a$1:a$1000;0)));0;p42)	Simplified	112	27	1	""	""	""	""
45	""	age>=28.5	insu>=142	" "	" "	" "	age	insu	" "	" "	" "	0.25	0.736263736263736	2.11	0.184065934065934	=if(or(A46 = "R";isnumber(match(c46;a$1:a$1000;0));isnumber(match(h46;a$1:a$1000;0));isnumber(match(d46;a$1:a$1000;0));isnumber(match(i46;a$1:a$1000;0));isnumber(match(e46;a$1:a$1000;0));isnumber(match(j46;a$1:a$1000;0));isnumber(match(f46;a$1:a$1000;0));isnumber(match(k46;a$1:a$1000;0));isnumber(match(g46;a$1:a$1000;0));isnumber(match(l46;a$1:a$1000;0)));0;p46)	From Tree node	01	7	""	""	1	67	91
46	""	0.491271820448878	0.524390243902439								""	""	""	""	""	=if(or(A46 = "R";isnumber(match(c46;a$1:a$1000;0));isnumber(match(h46;a$1:a$1000;0));isnumber(match(d46;a$1:a$1000;0));isnumber(match(i46;a$1:a$1000;0));isnumber(match(e46;a$1:a$1000;0));isnumber(match(j46;a$1:a$1000;0));isnumber(match(f46;a$1:a$1000;0));isnumber(match(k46;a$1:a$1000;0));isnumber(match(g46;a$1:a$1000;0));isnumber(match(l46;a$1:a$1000;0)));0;p46)	From Tree node	01	7	""	""	""	""	""
47	""	-0.524390243902439	-0.491271820448878								""	""	""	""	""	=if(or(A46 = "R";isnumber(match(c46;a$1:a$1000;0));isnumber(match(h46;a$1:a$1000;0));isnumber(match(d46;a$1:a$1000;0));isnumber(match(i46;a$1:a$1000;0));isnumber(match(e46;a$1:a$1000;0));isnumber(match(j46;a$1:a$1000;0));isnumber(match(f46;a$1:a$1000;0));isnumber(match(k46;a$1:a$1000;0));isnumber(match(g46;a$1:a$1000;0));isnumber(match(l46;a$1:a$1000;0)));0;p46)	From Tree node	01	7	""	""	""	""	""
48	""	 	 	 	 	 	 	 	 	 	""	""	""	""	""	=if(or(A46 = "R";isnumber(match(c46;a$1:a$1000;0));isnumber(match(h46;a$1:a$1000;0));isnumber(match(d46;a$1:a$1000;0));isnumber(match(i46;a$1:a$1000;0));isnumber(match(e46;a$1:a$1000;0));isnumber(match(j46;a$1:a$1000;0));isnumber(match(f46;a$1:a$1000;0));isnumber(match(k46;a$1:a$1000;0));isnumber(match(g46;a$1:a$1000;0));isnumber(match(l46;a$1:a$1000;0)));0;p46)	From Tree node	01	7	""	""	""	""	""
49	""	age>=28.5	mass>=27.35	insu>=142	" "	" "	age	mass	insu	" "	" "	0.235074626865672	0.75	2.15	0.176305970149254	=if(or(A50 = "R";isnumber(match(c50;a$1:a$1000;0));isnumber(match(h50;a$1:a$1000;0));isnumber(match(d50;a$1:a$1000;0));isnumber(match(i50;a$1:a$1000;0));isnumber(match(e50;a$1:a$1000;0));isnumber(match(j50;a$1:a$1000;0));isnumber(match(f50;a$1:a$1000;0));isnumber(match(k50;a$1:a$1000;0));isnumber(match(g50;a$1:a$1000;0));isnumber(match(l50;a$1:a$1000;0)));0;p50)	From Tree node	0	15	""	""	1	63	84
50	""	0.491271820448878	0.43205574912892	0.524390243902439							""	""	""	""	""	=if(or(A50 = "R";isnumber(match(c50;a$1:a$1000;0));isnumber(match(h50;a$1:a$1000;0));isnumber(match(d50;a$1:a$1000;0));isnumber(match(i50;a$1:a$1000;0));isnumber(match(e50;a$1:a$1000;0));isnumber(match(j50;a$1:a$1000;0));isnumber(match(f50;a$1:a$1000;0));isnumber(match(k50;a$1:a$1000;0));isnumber(match(g50;a$1:a$1000;0));isnumber(match(l50;a$1:a$1000;0)));0;p50)	From Tree node	0	15	""	""	""	""	""
51	""	-0.561643835616438	-0.736263736263736	-0.556923076923077							""	""	""	""	""	=if(or(A50 = "R";isnumber(match(c50;a$1:a$1000;0));isnumber(match(h50;a$1:a$1000;0));isnumber(match(d50;a$1:a$1000;0));isnumber(match(i50;a$1:a$1000;0));isnumber(match(e50;a$1:a$1000;0));isnumber(match(j50;a$1:a$1000;0));isnumber(match(f50;a$1:a$1000;0));isnumber(match(k50;a$1:a$1000;0));isnumber(match(g50;a$1:a$1000;0));isnumber(match(l50;a$1:a$1000;0)));0;p50)	From Tree node	0	15	""	""	""	""	""
52	""	 	 	 	 	 	 	 	 	 	""	""	""	""	""	=if(or(A50 = "R";isnumber(match(c50;a$1:a$1000;0));isnumber(match(h50;a$1:a$1000;0));isnumber(match(d50;a$1:a$1000;0));isnumber(match(i50;a$1:a$1000;0));isnumber(match(e50;a$1:a$1000;0));isnumber(match(j50;a$1:a$1000;0));isnumber(match(f50;a$1:a$1000;0));isnumber(match(k50;a$1:a$1000;0));isnumber(match(g50;a$1:a$1000;0));isnumber(match(l50;a$1:a$1000;0)));0;p50)	From Tree node	0	15	""	""	""	""	""
53	""	plas>=127.5	age>=24.5	skin>=31.5	" "	" "	plas	age	skin	" "	" "	0.220149253731343	0.746835443037975	2.14	0.164415265444927	=if(or(A54 = "R";isnumber(match(c54;a$1:a$1000;0));isnumber(match(h54;a$1:a$1000;0));isnumber(match(d54;a$1:a$1000;0));isnumber(match(i54;a$1:a$1000;0));isnumber(match(e54;a$1:a$1000;0));isnumber(match(j54;a$1:a$1000;0));isnumber(match(f54;a$1:a$1000;0));isnumber(match(k54;a$1:a$1000;0));isnumber(match(g54;a$1:a$1000;0));isnumber(match(l54;a$1:a$1000;0)));0;p54)	Simplified	223	27	1	""	1	59	79
54	""	0.614840989399293	0.431693989071038	0.465753424657534							""	""	""	""	""	=if(or(A54 = "R";isnumber(match(c54;a$1:a$1000;0));isnumber(match(h54;a$1:a$1000;0));isnumber(match(d54;a$1:a$1000;0));isnumber(match(i54;a$1:a$1000;0));isnumber(match(e54;a$1:a$1000;0));isnumber(match(j54;a$1:a$1000;0));isnumber(match(f54;a$1:a$1000;0));isnumber(match(k54;a$1:a$1000;0));isnumber(match(g54;a$1:a$1000;0));isnumber(match(l54;a$1:a$1000;0)));0;p54)	Simplified	223	27	1	""	""	""	""
55	""	-0.50887573964497	-0.717171717171717	-0.671052631578947							""	""	""	""	""	=if(or(A54 = "R";isnumber(match(c54;a$1:a$1000;0));isnumber(match(h54;a$1:a$1000;0));isnumber(match(d54;a$1:a$1000;0));isnumber(match(i54;a$1:a$1000;0));isnumber(match(e54;a$1:a$1000;0));isnumber(match(j54;a$1:a$1000;0));isnumber(match(f54;a$1:a$1000;0));isnumber(match(k54;a$1:a$1000;0));isnumber(match(g54;a$1:a$1000;0));isnumber(match(l54;a$1:a$1000;0)));0;p54)	Simplified	223	27	1	""	""	""	""
56	""	 	 	 	 	 	 	 	 	 	""	""	""	""	""	=if(or(A54 = "R";isnumber(match(c54;a$1:a$1000;0));isnumber(match(h54;a$1:a$1000;0));isnumber(match(d54;a$1:a$1000;0));isnumber(match(i54;a$1:a$1000;0));isnumber(match(e54;a$1:a$1000;0));isnumber(match(j54;a$1:a$1000;0));isnumber(match(f54;a$1:a$1000;0));isnumber(match(k54;a$1:a$1000;0));isnumber(match(g54;a$1:a$1000;0));isnumber(match(l54;a$1:a$1000;0)));0;p54)	Simplified	223	27	1	""	""	""	""
57	""	mass>=29.85	pedi>=0.5005	insu>=125.5	mass< 45.95	" "	mass	pedi	insu	mass	" "	0.197761194029851	0.716216216216216	2.05	0.141639774102461	=if(or(A58 = "R";isnumber(match(c58;a$1:a$1000;0));isnumber(match(h58;a$1:a$1000;0));isnumber(match(d58;a$1:a$1000;0));isnumber(match(i58;a$1:a$1000;0));isnumber(match(e58;a$1:a$1000;0));isnumber(match(j58;a$1:a$1000;0));isnumber(match(f58;a$1:a$1000;0));isnumber(match(k58;a$1:a$1000;0));isnumber(match(g58;a$1:a$1000;0));isnumber(match(l58;a$1:a$1000;0)));0;p58)	From Tree node	002	31	""	""	1	53	74
58	""	0.463312368972746	0.454873646209386	0.505102040816326	0.339165545087483						""	""	""	""	""	=if(or(A58 = "R";isnumber(match(c58;a$1:a$1000;0));isnumber(match(h58;a$1:a$1000;0));isnumber(match(d58;a$1:a$1000;0));isnumber(match(i58;a$1:a$1000;0));isnumber(match(e58;a$1:a$1000;0));isnumber(match(j58;a$1:a$1000;0));isnumber(match(f58;a$1:a$1000;0));isnumber(match(k58;a$1:a$1000;0));isnumber(match(g58;a$1:a$1000;0));isnumber(match(l58;a$1:a$1000;0)));0;p58)	From Tree node	002	31	""	""	""	""	""
59	""	-0.59375	-0.575342465753425	-0.598870056497175	-0.688311688311688						""	""	""	""	""	=if(or(A58 = "R";isnumber(match(c58;a$1:a$1000;0));isnumber(match(h58;a$1:a$1000;0));isnumber(match(d58;a$1:a$1000;0));isnumber(match(i58;a$1:a$1000;0));isnumber(match(e58;a$1:a$1000;0));isnumber(match(j58;a$1:a$1000;0));isnumber(match(f58;a$1:a$1000;0));isnumber(match(k58;a$1:a$1000;0));isnumber(match(g58;a$1:a$1000;0));isnumber(match(l58;a$1:a$1000;0)));0;p58)	From Tree node	002	31	""	""	""	""	""
60	""	 	 	 	 	 	 	 	 	 	""	""	""	""	""	=if(or(A58 = "R";isnumber(match(c58;a$1:a$1000;0));isnumber(match(h58;a$1:a$1000;0));isnumber(match(d58;a$1:a$1000;0));isnumber(match(i58;a$1:a$1000;0));isnumber(match(e58;a$1:a$1000;0));isnumber(match(j58;a$1:a$1000;0));isnumber(match(f58;a$1:a$1000;0));isnumber(match(k58;a$1:a$1000;0));isnumber(match(g58;a$1:a$1000;0));isnumber(match(l58;a$1:a$1000;0)));0;p58)	From Tree node	002	31	""	""	""	""	""
61	""	preg>=6.5	pedi>=0.514	" "	" "	" "	preg	pedi	" "	" "	" "	0.17910447761194	0.727272727272727	2.08	0.130257801899593	=if(or(A62 = "R";isnumber(match(c62;a$1:a$1000;0));isnumber(match(h62;a$1:a$1000;0));isnumber(match(d62;a$1:a$1000;0));isnumber(match(i62;a$1:a$1000;0));isnumber(match(e62;a$1:a$1000;0));isnumber(match(j62;a$1:a$1000;0));isnumber(match(f62;a$1:a$1000;0));isnumber(match(k62;a$1:a$1000;0));isnumber(match(g62;a$1:a$1000;0));isnumber(match(l62;a$1:a$1000;0)));0;p62)	From Tree node	0001	7	""	""	1	48	66
62	""	0.562130177514793	0.455555555555556								""	""	""	""	""	=if(or(A62 = "R";isnumber(match(c62;a$1:a$1000;0));isnumber(match(h62;a$1:a$1000;0));isnumber(match(d62;a$1:a$1000;0));isnumber(match(i62;a$1:a$1000;0));isnumber(match(e62;a$1:a$1000;0));isnumber(match(j62;a$1:a$1000;0));isnumber(match(f62;a$1:a$1000;0));isnumber(match(k62;a$1:a$1000;0));isnumber(match(g62;a$1:a$1000;0));isnumber(match(l62;a$1:a$1000;0)));0;p62)	From Tree node	0001	7	""	""	""	""	""
63	""	-0.455555555555556	-0.562130177514793								""	""	""	""	""	=if(or(A62 = "R";isnumber(match(c62;a$1:a$1000;0));isnumber(match(h62;a$1:a$1000;0));isnumber(match(d62;a$1:a$1000;0));isnumber(match(i62;a$1:a$1000;0));isnumber(match(e62;a$1:a$1000;0));isnumber(match(j62;a$1:a$1000;0));isnumber(match(f62;a$1:a$1000;0));isnumber(match(k62;a$1:a$1000;0));isnumber(match(g62;a$1:a$1000;0));isnumber(match(l62;a$1:a$1000;0)));0;p62)	From Tree node	0001	7	""	""	""	""	""
64	""	 	 	 	 	 	 	 	 	 	""	""	""	""	""	=if(or(A62 = "R";isnumber(match(c62;a$1:a$1000;0));isnumber(match(h62;a$1:a$1000;0));isnumber(match(d62;a$1:a$1000;0));isnumber(match(i62;a$1:a$1000;0));isnumber(match(e62;a$1:a$1000;0));isnumber(match(j62;a$1:a$1000;0));isnumber(match(f62;a$1:a$1000;0));isnumber(match(k62;a$1:a$1000;0));isnumber(match(g62;a$1:a$1000;0));isnumber(match(l62;a$1:a$1000;0)));0;p62)	From Tree node	0001	7	""	""	""	""	""
65	""	plas>=127.5	preg>=7.5	" "	" "	" "	plas	preg	" "	" "	" "	0.164179104477612	0.785714285714286	2.25	0.128997867803838	=if(or(A66 = "R";isnumber(match(c66;a$1:a$1000;0));isnumber(match(h66;a$1:a$1000;0));isnumber(match(d66;a$1:a$1000;0));isnumber(match(i66;a$1:a$1000;0));isnumber(match(e66;a$1:a$1000;0));isnumber(match(j66;a$1:a$1000;0));isnumber(match(f66;a$1:a$1000;0));isnumber(match(k66;a$1:a$1000;0));isnumber(match(g66;a$1:a$1000;0));isnumber(match(l66;a$1:a$1000;0)));0;p66)	Simplified	11222	13	1	""	1	44	56
66	""	0.614840989399293	0.564516129032258								""	""	""	""	""	=if(or(A66 = "R";isnumber(match(c66;a$1:a$1000;0));isnumber(match(h66;a$1:a$1000;0));isnumber(match(d66;a$1:a$1000;0));isnumber(match(i66;a$1:a$1000;0));isnumber(match(e66;a$1:a$1000;0));isnumber(match(j66;a$1:a$1000;0));isnumber(match(f66;a$1:a$1000;0));isnumber(match(k66;a$1:a$1000;0));isnumber(match(g66;a$1:a$1000;0));isnumber(match(l66;a$1:a$1000;0)));0;p66)	Simplified	11222	13	1	""	""	""	""
67	""	-0.564516129032258	-0.614840989399293								""	""	""	""	""	=if(or(A66 = "R";isnumber(match(c66;a$1:a$1000;0));isnumber(match(h66;a$1:a$1000;0));isnumber(match(d66;a$1:a$1000;0));isnumber(match(i66;a$1:a$1000;0));isnumber(match(e66;a$1:a$1000;0));isnumber(match(j66;a$1:a$1000;0));isnumber(match(f66;a$1:a$1000;0));isnumber(match(k66;a$1:a$1000;0));isnumber(match(g66;a$1:a$1000;0));isnumber(match(l66;a$1:a$1000;0)));0;p66)	Simplified	11222	13	1	""	""	""	""
68	""	 	 	 	 	 	 	 	 	 	""	""	""	""	""	=if(or(A66 = "R";isnumber(match(c66;a$1:a$1000;0));isnumber(match(h66;a$1:a$1000;0));isnumber(match(d66;a$1:a$1000;0));isnumber(match(i66;a$1:a$1000;0));isnumber(match(e66;a$1:a$1000;0));isnumber(match(j66;a$1:a$1000;0));isnumber(match(f66;a$1:a$1000;0));isnumber(match(k66;a$1:a$1000;0));isnumber(match(g66;a$1:a$1000;0));isnumber(match(l66;a$1:a$1000;0)));0;p66)	Simplified	11222	13	1	""	""	""	""
69	""	mass>=29.85	pedi>=0.5005	preg>=6.5	" "	" "	mass	pedi	preg	" "	" "	0.149253731343284	0.851063829787234	2.44	0.12702445220705	=if(or(A70 = "R";isnumber(match(c70;a$1:a$1000;0));isnumber(match(h70;a$1:a$1000;0));isnumber(match(d70;a$1:a$1000;0));isnumber(match(i70;a$1:a$1000;0));isnumber(match(e70;a$1:a$1000;0));isnumber(match(j70;a$1:a$1000;0));isnumber(match(f70;a$1:a$1000;0));isnumber(match(k70;a$1:a$1000;0));isnumber(match(g70;a$1:a$1000;0));isnumber(match(l70;a$1:a$1000;0)));0;p70)	From Tree node	00	15	""	""	1	40	47
70	""	0.463312368972746	0.454873646209386	0.562130177514793							""	""	""	""	""	=if(or(A70 = "R";isnumber(match(c70;a$1:a$1000;0));isnumber(match(h70;a$1:a$1000;0));isnumber(match(d70;a$1:a$1000;0));isnumber(match(i70;a$1:a$1000;0));isnumber(match(e70;a$1:a$1000;0));isnumber(match(j70;a$1:a$1000;0));isnumber(match(f70;a$1:a$1000;0));isnumber(match(k70;a$1:a$1000;0));isnumber(match(g70;a$1:a$1000;0));isnumber(match(l70;a$1:a$1000;0)));0;p70)	From Tree node	00	15	""	""	""	""	""
71	""	-0.716417910447761	-0.635593220338983	-0.591397849462366							""	""	""	""	""	=if(or(A70 = "R";isnumber(match(c70;a$1:a$1000;0));isnumber(match(h70;a$1:a$1000;0));isnumber(match(d70;a$1:a$1000;0));isnumber(match(i70;a$1:a$1000;0));isnumber(match(e70;a$1:a$1000;0));isnumber(match(j70;a$1:a$1000;0));isnumber(match(f70;a$1:a$1000;0));isnumber(match(k70;a$1:a$1000;0));isnumber(match(g70;a$1:a$1000;0));isnumber(match(l70;a$1:a$1000;0)));0;p70)	From Tree node	00	15	""	""	""	""	""
72	""	 	 	 	 	 	 	 	 	 	""	""	""	""	""	=if(or(A70 = "R";isnumber(match(c70;a$1:a$1000;0));isnumber(match(h70;a$1:a$1000;0));isnumber(match(d70;a$1:a$1000;0));isnumber(match(i70;a$1:a$1000;0));isnumber(match(e70;a$1:a$1000;0));isnumber(match(j70;a$1:a$1000;0));isnumber(match(f70;a$1:a$1000;0));isnumber(match(k70;a$1:a$1000;0));isnumber(match(g70;a$1:a$1000;0));isnumber(match(l70;a$1:a$1000;0)));0;p70)	From Tree node	00	15	""	""	""	""	""
73	""	plas>=127.5	mass>=29.95	plas< 157.5	age>=30.5	" "	plas	mass	plas	age	" "	0.175373134328358	0.723076923076923	2.07	0.126808266360505	=if(or(A74 = "R";isnumber(match(c74;a$1:a$1000;0));isnumber(match(h74;a$1:a$1000;0));isnumber(match(d74;a$1:a$1000;0));isnumber(match(i74;a$1:a$1000;0));isnumber(match(e74;a$1:a$1000;0));isnumber(match(j74;a$1:a$1000;0));isnumber(match(f74;a$1:a$1000;0));isnumber(match(k74;a$1:a$1000;0));isnumber(match(g74;a$1:a$1000;0));isnumber(match(l74;a$1:a$1000;0)));0;p74)	From Tree node		29	""	""	1	47	65
74	""	0.614840989399293	0.463983050847458	0.269817073170732	0.507122507122507						""	""	""	""	""	=if(or(A74 = "R";isnumber(match(c74;a$1:a$1000;0));isnumber(match(h74;a$1:a$1000;0));isnumber(match(d74;a$1:a$1000;0));isnumber(match(i74;a$1:a$1000;0));isnumber(match(e74;a$1:a$1000;0));isnumber(match(j74;a$1:a$1000;0));isnumber(match(f74;a$1:a$1000;0));isnumber(match(k74;a$1:a$1000;0));isnumber(match(g74;a$1:a$1000;0));isnumber(match(l74;a$1:a$1000;0)));0;p74)	From Tree node		29	""	""	""	""	""
75	""	-0.517045454545455	-0.580645161290323	-0.790322580645161	-0.608695652173913						""	""	""	""	""	=if(or(A74 = "R";isnumber(match(c74;a$1:a$1000;0));isnumber(match(h74;a$1:a$1000;0));isnumber(match(d74;a$1:a$1000;0));isnumber(match(i74;a$1:a$1000;0));isnumber(match(e74;a$1:a$1000;0));isnumber(match(j74;a$1:a$1000;0));isnumber(match(f74;a$1:a$1000;0));isnumber(match(k74;a$1:a$1000;0));isnumber(match(g74;a$1:a$1000;0));isnumber(match(l74;a$1:a$1000;0)));0;p74)	From Tree node		29	""	""	""	""	""
76	""	 	 	 	 	 	 	 	 	 	""	""	""	""	""	=if(or(A74 = "R";isnumber(match(c74;a$1:a$1000;0));isnumber(match(h74;a$1:a$1000;0));isnumber(match(d74;a$1:a$1000;0));isnumber(match(i74;a$1:a$1000;0));isnumber(match(e74;a$1:a$1000;0));isnumber(match(j74;a$1:a$1000;0));isnumber(match(f74;a$1:a$1000;0));isnumber(match(k74;a$1:a$1000;0));isnumber(match(g74;a$1:a$1000;0));isnumber(match(l74;a$1:a$1000;0)));0;p74)	From Tree node		29	""	""	""	""	""
77	""	pedi>=0.5275	skin>=26.5	pres>=75	pres< 99	" "	pedi	skin	pres	pres	" "	0.16044776119403	0.767857142857143	2.2	0.123200959488273	=if(or(A78 = "R";isnumber(match(c78;a$1:a$1000;0));isnumber(match(h78;a$1:a$1000;0));isnumber(match(d78;a$1:a$1000;0));isnumber(match(i78;a$1:a$1000;0));isnumber(match(e78;a$1:a$1000;0));isnumber(match(j78;a$1:a$1000;0));isnumber(match(f78;a$1:a$1000;0));isnumber(match(k78;a$1:a$1000;0));isnumber(match(g78;a$1:a$1000;0));isnumber(match(l78;a$1:a$1000;0)));0;p78)	From Tree node	00000	31	""	""	1	43	56
78	""	0.463320463320463	0.418461538461538	0.424242424242424	0.344414893617021						""	""	""	""	""	=if(or(A78 = "R";isnumber(match(c78;a$1:a$1000;0));isnumber(match(h78;a$1:a$1000;0));isnumber(match(d78;a$1:a$1000;0));isnumber(match(i78;a$1:a$1000;0));isnumber(match(e78;a$1:a$1000;0));isnumber(match(j78;a$1:a$1000;0));isnumber(match(f78;a$1:a$1000;0));isnumber(match(k78;a$1:a$1000;0));isnumber(match(g78;a$1:a$1000;0));isnumber(match(l78;a$1:a$1000;0)));0;p78)	From Tree node	00000	31	""	""	""	""	""
79	""	-0.492753623188406	-0.588235294117647	-0.61864406779661	-0.728813559322034						""	""	""	""	""	=if(or(A78 = "R";isnumber(match(c78;a$1:a$1000;0));isnumber(match(h78;a$1:a$1000;0));isnumber(match(d78;a$1:a$1000;0));isnumber(match(i78;a$1:a$1000;0));isnumber(match(e78;a$1:a$1000;0));isnumber(match(j78;a$1:a$1000;0));isnumber(match(f78;a$1:a$1000;0));isnumber(match(k78;a$1:a$1000;0));isnumber(match(g78;a$1:a$1000;0));isnumber(match(l78;a$1:a$1000;0)));0;p78)	From Tree node	00000	31	""	""	""	""	""
80	""	 	 	 	 	 	 	 	 	 	""	""	""	""	""	=if(or(A78 = "R";isnumber(match(c78;a$1:a$1000;0));isnumber(match(h78;a$1:a$1000;0));isnumber(match(d78;a$1:a$1000;0));isnumber(match(i78;a$1:a$1000;0));isnumber(match(e78;a$1:a$1000;0));isnumber(match(j78;a$1:a$1000;0));isnumber(match(f78;a$1:a$1000;0));isnumber(match(k78;a$1:a$1000;0));isnumber(match(g78;a$1:a$1000;0));isnumber(match(l78;a$1:a$1000;0)));0;p78)	From Tree node	00000	31	""	""	""	""	""
81	""	plas>=127.5	skin>=31.5	age>=30	" "	" "	plas	skin	age	" "	" "	0.156716417910448	0.763636363636364	2.19	0.119674355495251	=if(or(A82 = "R";isnumber(match(c82;a$1:a$1000;0));isnumber(match(h82;a$1:a$1000;0));isnumber(match(d82;a$1:a$1000;0));isnumber(match(i82;a$1:a$1000;0));isnumber(match(e82;a$1:a$1000;0));isnumber(match(j82;a$1:a$1000;0));isnumber(match(f82;a$1:a$1000;0));isnumber(match(k82;a$1:a$1000;0));isnumber(match(g82;a$1:a$1000;0));isnumber(match(l82;a$1:a$1000;0)));0;p82)	ShorterRule	2	51	1	1	1	42	55
82	""	0.614840989399293	0.465753424657534	0.494623655913978							""	""	""	""	""	=if(or(A82 = "R";isnumber(match(c82;a$1:a$1000;0));isnumber(match(h82;a$1:a$1000;0));isnumber(match(d82;a$1:a$1000;0));isnumber(match(i82;a$1:a$1000;0));isnumber(match(e82;a$1:a$1000;0));isnumber(match(j82;a$1:a$1000;0));isnumber(match(f82;a$1:a$1000;0));isnumber(match(k82;a$1:a$1000;0));isnumber(match(g82;a$1:a$1000;0));isnumber(match(l82;a$1:a$1000;0)));0;p82)	ShorterRule	2	51	1	1	""	""	""
83	""	-0.55045871559633	-0.674285714285714	-0.717171717171717							""	""	""	""	""	=if(or(A82 = "R";isnumber(match(c82;a$1:a$1000;0));isnumber(match(h82;a$1:a$1000;0));isnumber(match(d82;a$1:a$1000;0));isnumber(match(i82;a$1:a$1000;0));isnumber(match(e82;a$1:a$1000;0));isnumber(match(j82;a$1:a$1000;0));isnumber(match(f82;a$1:a$1000;0));isnumber(match(k82;a$1:a$1000;0));isnumber(match(g82;a$1:a$1000;0));isnumber(match(l82;a$1:a$1000;0)));0;p82)	ShorterRule	2	51	1	1	""	""	""
84	""	 	 	 	 	 	 	 	 	 	""	""	""	""	""	=if(or(A82 = "R";isnumber(match(c82;a$1:a$1000;0));isnumber(match(h82;a$1:a$1000;0));isnumber(match(d82;a$1:a$1000;0));isnumber(match(i82;a$1:a$1000;0));isnumber(match(e82;a$1:a$1000;0));isnumber(match(j82;a$1:a$1000;0));isnumber(match(f82;a$1:a$1000;0));isnumber(match(k82;a$1:a$1000;0));isnumber(match(g82;a$1:a$1000;0));isnumber(match(l82;a$1:a$1000;0)));0;p82)	ShorterRule	2	51	1	1	""	""	""
85	""	preg>=6.5	insu>=112	" "	" "	" "	preg	insu	" "	" "	" "	0.145522388059701	0.8125	2.33	0.118236940298507	=if(or(A86 = "R";isnumber(match(c86;a$1:a$1000;0));isnumber(match(h86;a$1:a$1000;0));isnumber(match(d86;a$1:a$1000;0));isnumber(match(i86;a$1:a$1000;0));isnumber(match(e86;a$1:a$1000;0));isnumber(match(j86;a$1:a$1000;0));isnumber(match(f86;a$1:a$1000;0));isnumber(match(k86;a$1:a$1000;0));isnumber(match(g86;a$1:a$1000;0));isnumber(match(l86;a$1:a$1000;0)));0;p86)	From Tree node	000	7	""	""	1	39	48
86	""	0.562130177514793	0.486486486486487								""	""	""	""	""	=if(or(A86 = "R";isnumber(match(c86;a$1:a$1000;0));isnumber(match(h86;a$1:a$1000;0));isnumber(match(d86;a$1:a$1000;0));isnumber(match(i86;a$1:a$1000;0));isnumber(match(e86;a$1:a$1000;0));isnumber(match(j86;a$1:a$1000;0));isnumber(match(f86;a$1:a$1000;0));isnumber(match(k86;a$1:a$1000;0));isnumber(match(g86;a$1:a$1000;0));isnumber(match(l86;a$1:a$1000;0)));0;p86)	From Tree node	000	7	""	""	""	""	""
87	""	-0.486486486486487	-0.562130177514793								""	""	""	""	""	=if(or(A86 = "R";isnumber(match(c86;a$1:a$1000;0));isnumber(match(h86;a$1:a$1000;0));isnumber(match(d86;a$1:a$1000;0));isnumber(match(i86;a$1:a$1000;0));isnumber(match(e86;a$1:a$1000;0));isnumber(match(j86;a$1:a$1000;0));isnumber(match(f86;a$1:a$1000;0));isnumber(match(k86;a$1:a$1000;0));isnumber(match(g86;a$1:a$1000;0));isnumber(match(l86;a$1:a$1000;0)));0;p86)	From Tree node	000	7	""	""	""	""	""
88	""	 	 	 	 	 	 	 	 	 	""	""	""	""	""	=if(or(A86 = "R";isnumber(match(c86;a$1:a$1000;0));isnumber(match(h86;a$1:a$1000;0));isnumber(match(d86;a$1:a$1000;0));isnumber(match(i86;a$1:a$1000;0));isnumber(match(e86;a$1:a$1000;0));isnumber(match(j86;a$1:a$1000;0));isnumber(match(f86;a$1:a$1000;0));isnumber(match(k86;a$1:a$1000;0));isnumber(match(g86;a$1:a$1000;0));isnumber(match(l86;a$1:a$1000;0)));0;p86)	From Tree node	000	7	""	""	""	""	""
89	""	mass>=29.85	preg>=6.5	insu>=109	" "	" "	mass	preg	insu	" "	" "	0.126865671641791	0.85	2.44	0.107835820895522	=if(or(A90 = "R";isnumber(match(c90;a$1:a$1000;0));isnumber(match(h90;a$1:a$1000;0));isnumber(match(d90;a$1:a$1000;0));isnumber(match(i90;a$1:a$1000;0));isnumber(match(e90;a$1:a$1000;0));isnumber(match(j90;a$1:a$1000;0));isnumber(match(f90;a$1:a$1000;0));isnumber(match(k90;a$1:a$1000;0));isnumber(match(g90;a$1:a$1000;0));isnumber(match(l90;a$1:a$1000;0)));0;p90)	From Tree node	001	15	""	""	1	34	40
90	""	0.463312368972746	0.562130177514793	0.482456140350877							""	""	""	""	""	=if(or(A90 = "R";isnumber(match(c90;a$1:a$1000;0));isnumber(match(h90;a$1:a$1000;0));isnumber(match(d90;a$1:a$1000;0));isnumber(match(i90;a$1:a$1000;0));isnumber(match(e90;a$1:a$1000;0));isnumber(match(j90;a$1:a$1000;0));isnumber(match(f90;a$1:a$1000;0));isnumber(match(k90;a$1:a$1000;0));isnumber(match(g90;a$1:a$1000;0));isnumber(match(l90;a$1:a$1000;0)));0;p90)	From Tree node	001	15	""	""	""	""	""
91	""	-0.784313725490196	-0.551724137931034	-0.635593220338983							""	""	""	""	""	=if(or(A90 = "R";isnumber(match(c90;a$1:a$1000;0));isnumber(match(h90;a$1:a$1000;0));isnumber(match(d90;a$1:a$1000;0));isnumber(match(i90;a$1:a$1000;0));isnumber(match(e90;a$1:a$1000;0));isnumber(match(j90;a$1:a$1000;0));isnumber(match(f90;a$1:a$1000;0));isnumber(match(k90;a$1:a$1000;0));isnumber(match(g90;a$1:a$1000;0));isnumber(match(l90;a$1:a$1000;0)));0;p90)	From Tree node	001	15	""	""	""	""	""
92	""	 	 	 	 	 	 	 	 	 	""	""	""	""	""	=if(or(A90 = "R";isnumber(match(c90;a$1:a$1000;0));isnumber(match(h90;a$1:a$1000;0));isnumber(match(d90;a$1:a$1000;0));isnumber(match(i90;a$1:a$1000;0));isnumber(match(e90;a$1:a$1000;0));isnumber(match(j90;a$1:a$1000;0));isnumber(match(f90;a$1:a$1000;0));isnumber(match(k90;a$1:a$1000;0));isnumber(match(g90;a$1:a$1000;0));isnumber(match(l90;a$1:a$1000;0)));0;p90)	From Tree node	001	15	""	""	""	""	""
93	""	preg>=6.5	mass>=39.05	" "	" "	" "	preg	mass	" "	" "	" "	0.0858208955223881	0.851851851851852	2.44	0.0731066887783306	=if(or(A94 = "R";isnumber(match(c94;a$1:a$1000;0));isnumber(match(h94;a$1:a$1000;0));isnumber(match(d94;a$1:a$1000;0));isnumber(match(i94;a$1:a$1000;0));isnumber(match(e94;a$1:a$1000;0));isnumber(match(j94;a$1:a$1000;0));isnumber(match(f94;a$1:a$1000;0));isnumber(match(k94;a$1:a$1000;0));isnumber(match(g94;a$1:a$1000;0));isnumber(match(l94;a$1:a$1000;0)));0;p94)	Simplified	001	29	1	""	1	23	27
94	""	0.562130177514793	0.532786885245902								""	""	""	""	""	=if(or(A94 = "R";isnumber(match(c94;a$1:a$1000;0));isnumber(match(h94;a$1:a$1000;0));isnumber(match(d94;a$1:a$1000;0));isnumber(match(i94;a$1:a$1000;0));isnumber(match(e94;a$1:a$1000;0));isnumber(match(j94;a$1:a$1000;0));isnumber(match(f94;a$1:a$1000;0));isnumber(match(k94;a$1:a$1000;0));isnumber(match(g94;a$1:a$1000;0));isnumber(match(l94;a$1:a$1000;0)));0;p94)	Simplified	001	29	1	""	""	""	""
95	""	-0.532786885245902	-0.562130177514793								""	""	""	""	""	=if(or(A94 = "R";isnumber(match(c94;a$1:a$1000;0));isnumber(match(h94;a$1:a$1000;0));isnumber(match(d94;a$1:a$1000;0));isnumber(match(i94;a$1:a$1000;0));isnumber(match(e94;a$1:a$1000;0));isnumber(match(j94;a$1:a$1000;0));isnumber(match(f94;a$1:a$1000;0));isnumber(match(k94;a$1:a$1000;0));isnumber(match(g94;a$1:a$1000;0));isnumber(match(l94;a$1:a$1000;0)));0;p94)	Simplified	001	29	1	""	""	""	""
96	""	 	 	 	 	 	 	 	 	 	""	""	""	""	""	=if(or(A94 = "R";isnumber(match(c94;a$1:a$1000;0));isnumber(match(h94;a$1:a$1000;0));isnumber(match(d94;a$1:a$1000;0));isnumber(match(i94;a$1:a$1000;0));isnumber(match(e94;a$1:a$1000;0));isnumber(match(j94;a$1:a$1000;0));isnumber(match(f94;a$1:a$1000;0));isnumber(match(k94;a$1:a$1000;0));isnumber(match(g94;a$1:a$1000;0));isnumber(match(l94;a$1:a$1000;0)));0;p94)	Simplified	001	29	1	""	""	""	""
97	""	plas>=127.5	plas< 154.5	skin>=31.5	age>=30	" "	plas	plas	skin	age	" "	0.0932835820895522	0.757575757575758	2.17	0.0706693803708729	=if(or(A98 = "R";isnumber(match(c98;a$1:a$1000;0));isnumber(match(h98;a$1:a$1000;0));isnumber(match(d98;a$1:a$1000;0));isnumber(match(i98;a$1:a$1000;0));isnumber(match(e98;a$1:a$1000;0));isnumber(match(j98;a$1:a$1000;0));isnumber(match(f98;a$1:a$1000;0));isnumber(match(k98;a$1:a$1000;0));isnumber(match(g98;a$1:a$1000;0));isnumber(match(l98;a$1:a$1000;0)));0;p98)	Simplified	2	51	1	""	1	25	33
98	""	0.614840989399293	0.263157894736842	0.465753424657534	0.494623655913978						""	""	""	""	""	=if(or(A98 = "R";isnumber(match(c98;a$1:a$1000;0));isnumber(match(h98;a$1:a$1000;0));isnumber(match(d98;a$1:a$1000;0));isnumber(match(i98;a$1:a$1000;0));isnumber(match(e98;a$1:a$1000;0));isnumber(match(j98;a$1:a$1000;0));isnumber(match(f98;a$1:a$1000;0));isnumber(match(k98;a$1:a$1000;0));isnumber(match(g98;a$1:a$1000;0));isnumber(match(l98;a$1:a$1000;0)));0;p98)	Simplified	2	51	1	""	""	""	""
99	""	-0.494252873563218	-0.763636363636364	-0.550561797752809	-0.625						""	""	""	""	""	=if(or(A98 = "R";isnumber(match(c98;a$1:a$1000;0));isnumber(match(h98;a$1:a$1000;0));isnumber(match(d98;a$1:a$1000;0));isnumber(match(i98;a$1:a$1000;0));isnumber(match(e98;a$1:a$1000;0));isnumber(match(j98;a$1:a$1000;0));isnumber(match(f98;a$1:a$1000;0));isnumber(match(k98;a$1:a$1000;0));isnumber(match(g98;a$1:a$1000;0));isnumber(match(l98;a$1:a$1000;0)));0;p98)	Simplified	2	51	1	""	""	""	""
100	""	 	 	 	 	 	 	 	 	 	""	""	""	""	""	=if(or(A98 = "R";isnumber(match(c98;a$1:a$1000;0));isnumber(match(h98;a$1:a$1000;0));isnumber(match(d98;a$1:a$1000;0));isnumber(match(i98;a$1:a$1000;0));isnumber(match(e98;a$1:a$1000;0));isnumber(match(j98;a$1:a$1000;0));isnumber(match(f98;a$1:a$1000;0));isnumber(match(k98;a$1:a$1000;0));isnumber(match(g98;a$1:a$1000;0));isnumber(match(l98;a$1:a$1000;0)));0;p98)	Simplified	2	51	1	""	""	""	""
101	""	mass>=29.85	insu< 143	insu< 16	mass>=42.85	" "	mass	insu	insu	mass	" "	0.0858208955223881	0.821428571428571	2.35	0.0704957356076759	=if(or(A102 = "R";isnumber(match(c102;a$1:a$1000;0));isnumber(match(h102;a$1:a$1000;0));isnumber(match(d102;a$1:a$1000;0));isnumber(match(i102;a$1:a$1000;0));isnumber(match(e102;a$1:a$1000;0));isnumber(match(j102;a$1:a$1000;0));isnumber(match(f102;a$1:a$1000;0));isnumber(match(k102;a$1:a$1000;0));isnumber(match(g102;a$1:a$1000;0));isnumber(match(l102;a$1:a$1000;0)));0;p102)	From Tree node	0011	27	""	""	1	23	28
102	""	0.463312368972746	0.300826446280992	0.36968085106383	0.639344262295082						""	""	""	""	""	=if(or(A102 = "R";isnumber(match(c102;a$1:a$1000;0));isnumber(match(h102;a$1:a$1000;0));isnumber(match(d102;a$1:a$1000;0));isnumber(match(i102;a$1:a$1000;0));isnumber(match(e102;a$1:a$1000;0));isnumber(match(j102;a$1:a$1000;0));isnumber(match(f102;a$1:a$1000;0));isnumber(match(k102;a$1:a$1000;0));isnumber(match(g102;a$1:a$1000;0));isnumber(match(l102;a$1:a$1000;0)));0;p102)	From Tree node	0011	27	""	""	""	""	""
103	""	-0.821428571428571	-0.821428571428571	-0.636363636363636	-0.516431924882629						""	""	""	""	""	=if(or(A102 = "R";isnumber(match(c102;a$1:a$1000;0));isnumber(match(h102;a$1:a$1000;0));isnumber(match(d102;a$1:a$1000;0));isnumber(match(i102;a$1:a$1000;0));isnumber(match(e102;a$1:a$1000;0));isnumber(match(j102;a$1:a$1000;0));isnumber(match(f102;a$1:a$1000;0));isnumber(match(k102;a$1:a$1000;0));isnumber(match(g102;a$1:a$1000;0));isnumber(match(l102;a$1:a$1000;0)));0;p102)	From Tree node	0011	27	""	""	""	""	""
104	""	 	 	 	 	 	 	 	 	 	""	""	""	""	""	=if(or(A102 = "R";isnumber(match(c102;a$1:a$1000;0));isnumber(match(h102;a$1:a$1000;0));isnumber(match(d102;a$1:a$1000;0));isnumber(match(i102;a$1:a$1000;0));isnumber(match(e102;a$1:a$1000;0));isnumber(match(j102;a$1:a$1000;0));isnumber(match(f102;a$1:a$1000;0));isnumber(match(k102;a$1:a$1000;0));isnumber(match(g102;a$1:a$1000;0));isnumber(match(l102;a$1:a$1000;0)));0;p102)	From Tree node	0011	27	""	""	""	""	""
105	""	plas< 127.5	age>=28.5	mass>=26.35	plas>=99.5	pedi>=0.561	plas	age	mass	plas	pedi	0.0932835820895522	0.735294117647059	2.11	0.0685908691834943	=if(or(A106 = "R";isnumber(match(c106;a$1:a$1000;0));isnumber(match(h106;a$1:a$1000;0));isnumber(match(d106;a$1:a$1000;0));isnumber(match(i106;a$1:a$1000;0));isnumber(match(e106;a$1:a$1000;0));isnumber(match(j106;a$1:a$1000;0));isnumber(match(f106;a$1:a$1000;0));isnumber(match(k106;a$1:a$1000;0));isnumber(match(g106;a$1:a$1000;0));isnumber(match(l106;a$1:a$1000;0)));0;p106)	From Tree node		47	""	""	1	25	34
106	""	0.193814432989691	0.491271820448878	0.422628951747088	0.441330998248686	0.456896551724138					""	""	""	""	""	=if(or(A106 = "R";isnumber(match(c106;a$1:a$1000;0));isnumber(match(h106;a$1:a$1000;0));isnumber(match(d106;a$1:a$1000;0));isnumber(match(i106;a$1:a$1000;0));isnumber(match(e106;a$1:a$1000;0));isnumber(match(j106;a$1:a$1000;0));isnumber(match(f106;a$1:a$1000;0));isnumber(match(k106;a$1:a$1000;0));isnumber(match(g106;a$1:a$1000;0));isnumber(match(l106;a$1:a$1000;0)));0;p106)	From Tree node		47	""	""	""	""	""
107	""	-0.739583333333333	-0.476190476190476	-0.568181818181818	-0.612244897959184	-0.5					""	""	""	""	""	=if(or(A106 = "R";isnumber(match(c106;a$1:a$1000;0));isnumber(match(h106;a$1:a$1000;0));isnumber(match(d106;a$1:a$1000;0));isnumber(match(i106;a$1:a$1000;0));isnumber(match(e106;a$1:a$1000;0));isnumber(match(j106;a$1:a$1000;0));isnumber(match(f106;a$1:a$1000;0));isnumber(match(k106;a$1:a$1000;0));isnumber(match(g106;a$1:a$1000;0));isnumber(match(l106;a$1:a$1000;0)));0;p106)	From Tree node		47	""	""	""	""	""
108	""	 	 	 	 	 	 	 	 	 	""	""	""	""	""	=if(or(A106 = "R";isnumber(match(c106;a$1:a$1000;0));isnumber(match(h106;a$1:a$1000;0));isnumber(match(d106;a$1:a$1000;0));isnumber(match(i106;a$1:a$1000;0));isnumber(match(e106;a$1:a$1000;0));isnumber(match(j106;a$1:a$1000;0));isnumber(match(f106;a$1:a$1000;0));isnumber(match(k106;a$1:a$1000;0));isnumber(match(g106;a$1:a$1000;0));isnumber(match(l106;a$1:a$1000;0)));0;p106)	From Tree node		47	""	""	""	""	""
109	""	mass>=29.85	pedi< 0.5005	mass>=40.8	pedi>=0.1995	" "	mass	pedi	mass	pedi	" "	0.0932835820895522	0.735294117647059	2.11	0.0685908691834943	=if(or(A110 = "R";isnumber(match(c110;a$1:a$1000;0));isnumber(match(h110;a$1:a$1000;0));isnumber(match(d110;a$1:a$1000;0));isnumber(match(i110;a$1:a$1000;0));isnumber(match(e110;a$1:a$1000;0));isnumber(match(j110;a$1:a$1000;0));isnumber(match(f110;a$1:a$1000;0));isnumber(match(k110;a$1:a$1000;0));isnumber(match(g110;a$1:a$1000;0));isnumber(match(l110;a$1:a$1000;0)));0;p110)	From Tree node	00	27	""	""	1	25	34
110	""	0.463312368972746	0.289205702647658	0.616279069767442	0.374805598755832						""	""	""	""	""	=if(or(A110 = "R";isnumber(match(c110;a$1:a$1000;0));isnumber(match(h110;a$1:a$1000;0));isnumber(match(d110;a$1:a$1000;0));isnumber(match(i110;a$1:a$1000;0));isnumber(match(e110;a$1:a$1000;0));isnumber(match(j110;a$1:a$1000;0));isnumber(match(f110;a$1:a$1000;0));isnumber(match(k110;a$1:a$1000;0));isnumber(match(g110;a$1:a$1000;0));isnumber(match(l110;a$1:a$1000;0)));0;p110)	From Tree node	00	27	""	""	""	""	""
111	""	-0.735294117647059	-0.662337662337662	-0.399103139013453	-0.627906976744186						""	""	""	""	""	=if(or(A110 = "R";isnumber(match(c110;a$1:a$1000;0));isnumber(match(h110;a$1:a$1000;0));isnumber(match(d110;a$1:a$1000;0));isnumber(match(i110;a$1:a$1000;0));isnumber(match(e110;a$1:a$1000;0));isnumber(match(j110;a$1:a$1000;0));isnumber(match(f110;a$1:a$1000;0));isnumber(match(k110;a$1:a$1000;0));isnumber(match(g110;a$1:a$1000;0));isnumber(match(l110;a$1:a$1000;0)));0;p110)	From Tree node	00	27	""	""	""	""	""
112	""	 	 	 	 	 	 	 	 	 	""	""	""	""	""	=if(or(A110 = "R";isnumber(match(c110;a$1:a$1000;0));isnumber(match(h110;a$1:a$1000;0));isnumber(match(d110;a$1:a$1000;0));isnumber(match(i110;a$1:a$1000;0));isnumber(match(e110;a$1:a$1000;0));isnumber(match(j110;a$1:a$1000;0));isnumber(match(f110;a$1:a$1000;0));isnumber(match(k110;a$1:a$1000;0));isnumber(match(g110;a$1:a$1000;0));isnumber(match(l110;a$1:a$1000;0)));0;p110)	From Tree node	00	27	""	""	""	""	""
113	""	plas>=127.5	plas< 154.5	pres>=43	skin>=31.5	age>=30	plas	plas	pres	skin	age	0.0895522388059701	0.75	2.15	0.0671641791044776	=if(or(A114 = "R";isnumber(match(c114;a$1:a$1000;0));isnumber(match(h114;a$1:a$1000;0));isnumber(match(d114;a$1:a$1000;0));isnumber(match(i114;a$1:a$1000;0));isnumber(match(e114;a$1:a$1000;0));isnumber(match(j114;a$1:a$1000;0));isnumber(match(f114;a$1:a$1000;0));isnumber(match(k114;a$1:a$1000;0));isnumber(match(g114;a$1:a$1000;0));isnumber(match(l114;a$1:a$1000;0)));0;p114)	From Tree node	2	51	""	""	1	24	32
114	""	0.614840989399293	0.263157894736842	0.343406593406593	0.465753424657534	0.494623655913978					""	""	""	""	""	=if(or(A114 = "R";isnumber(match(c114;a$1:a$1000;0));isnumber(match(h114;a$1:a$1000;0));isnumber(match(d114;a$1:a$1000;0));isnumber(match(i114;a$1:a$1000;0));isnumber(match(e114;a$1:a$1000;0));isnumber(match(j114;a$1:a$1000;0));isnumber(match(f114;a$1:a$1000;0));isnumber(match(k114;a$1:a$1000;0));isnumber(match(g114;a$1:a$1000;0));isnumber(match(l114;a$1:a$1000;0)));0;p114)	From Tree node	2	51	""	""	""	""	""
115	""	-0.494117647058824	-0.759259259259259	-0.757575757575758	-0.535714285714286	-0.618181818181818					""	""	""	""	""	=if(or(A114 = "R";isnumber(match(c114;a$1:a$1000;0));isnumber(match(h114;a$1:a$1000;0));isnumber(match(d114;a$1:a$1000;0));isnumber(match(i114;a$1:a$1000;0));isnumber(match(e114;a$1:a$1000;0));isnumber(match(j114;a$1:a$1000;0));isnumber(match(f114;a$1:a$1000;0));isnumber(match(k114;a$1:a$1000;0));isnumber(match(g114;a$1:a$1000;0));isnumber(match(l114;a$1:a$1000;0)));0;p114)	From Tree node	2	51	""	""	""	""	""
116	""	 	 	 	 	 	 	 	 	 	""	""	""	""	""	=if(or(A114 = "R";isnumber(match(c114;a$1:a$1000;0));isnumber(match(h114;a$1:a$1000;0));isnumber(match(d114;a$1:a$1000;0));isnumber(match(i114;a$1:a$1000;0));isnumber(match(e114;a$1:a$1000;0));isnumber(match(j114;a$1:a$1000;0));isnumber(match(f114;a$1:a$1000;0));isnumber(match(k114;a$1:a$1000;0));isnumber(match(g114;a$1:a$1000;0));isnumber(match(l114;a$1:a$1000;0)));0;p114)	From Tree node	2	51	""	""	""	""	""
117	""	preg>=6.5	insu< 112	insu< 38.5	skin>=23.5	" "	preg	insu	insu	skin	" "	0.0783582089552239	0.7	2.01	0.0548507462686567	=if(or(A118 = "R";isnumber(match(c118;a$1:a$1000;0));isnumber(match(h118;a$1:a$1000;0));isnumber(match(d118;a$1:a$1000;0));isnumber(match(i118;a$1:a$1000;0));isnumber(match(e118;a$1:a$1000;0));isnumber(match(j118;a$1:a$1000;0));isnumber(match(f118;a$1:a$1000;0));isnumber(match(k118;a$1:a$1000;0));isnumber(match(g118;a$1:a$1000;0));isnumber(match(l118;a$1:a$1000;0)));0;p118)	From Tree node	0003	27	""	""	1	21	30
118	""	0.562130177514793	0.293040293040293	0.360613810741688	0.414634146341463						""	""	""	""	""	=if(or(A118 = "R";isnumber(match(c118;a$1:a$1000;0));isnumber(match(h118;a$1:a$1000;0));isnumber(match(d118;a$1:a$1000;0));isnumber(match(i118;a$1:a$1000;0));isnumber(match(e118;a$1:a$1000;0));isnumber(match(j118;a$1:a$1000;0));isnumber(match(f118;a$1:a$1000;0));isnumber(match(k118;a$1:a$1000;0));isnumber(match(g118;a$1:a$1000;0));isnumber(match(l118;a$1:a$1000;0)));0;p118)	From Tree node	0003	27	""	""	""	""	""
119	""	-0.412280701754386	-0.7	-0.522727272727273	-0.524271844660194						""	""	""	""	""	=if(or(A118 = "R";isnumber(match(c118;a$1:a$1000;0));isnumber(match(h118;a$1:a$1000;0));isnumber(match(d118;a$1:a$1000;0));isnumber(match(i118;a$1:a$1000;0));isnumber(match(e118;a$1:a$1000;0));isnumber(match(j118;a$1:a$1000;0));isnumber(match(f118;a$1:a$1000;0));isnumber(match(k118;a$1:a$1000;0));isnumber(match(g118;a$1:a$1000;0));isnumber(match(l118;a$1:a$1000;0)));0;p118)	From Tree node	0003	27	""	""	""	""	""
120	""	 	 	 	 	 	 	 	 	 	""	""	""	""	""	=if(or(A118 = "R";isnumber(match(c118;a$1:a$1000;0));isnumber(match(h118;a$1:a$1000;0));isnumber(match(d118;a$1:a$1000;0));isnumber(match(i118;a$1:a$1000;0));isnumber(match(e118;a$1:a$1000;0));isnumber(match(j118;a$1:a$1000;0));isnumber(match(f118;a$1:a$1000;0));isnumber(match(k118;a$1:a$1000;0));isnumber(match(g118;a$1:a$1000;0));isnumber(match(l118;a$1:a$1000;0)));0;p118)	From Tree node	0003	27	""	""	""	""	""
121	""	mass>=29.85	preg>=6.5	insu< 109	mass>=39.05	" "	mass	preg	insu	mass	" "	0.0597014925373134	0.842105263157895	2.41	0.0502749410840534	=if(or(A122 = "R";isnumber(match(c122;a$1:a$1000;0));isnumber(match(h122;a$1:a$1000;0));isnumber(match(d122;a$1:a$1000;0));isnumber(match(i122;a$1:a$1000;0));isnumber(match(e122;a$1:a$1000;0));isnumber(match(j122;a$1:a$1000;0));isnumber(match(f122;a$1:a$1000;0));isnumber(match(k122;a$1:a$1000;0));isnumber(match(g122;a$1:a$1000;0));isnumber(match(l122;a$1:a$1000;0)));0;p122)	From Tree node	001	29	""	""	1	16	19
122	""	0.463312368972746	0.562130177514793	0.292592592592593	0.532786885245902						""	""	""	""	""	=if(or(A122 = "R";isnumber(match(c122;a$1:a$1000;0));isnumber(match(h122;a$1:a$1000;0));isnumber(match(d122;a$1:a$1000;0));isnumber(match(i122;a$1:a$1000;0));isnumber(match(e122;a$1:a$1000;0));isnumber(match(j122;a$1:a$1000;0));isnumber(match(f122;a$1:a$1000;0));isnumber(match(k122;a$1:a$1000;0));isnumber(match(g122;a$1:a$1000;0));isnumber(match(l122;a$1:a$1000;0)));0;p122)	From Tree node	001	29	""	""	""	""	""
123	""	-0.842105263157895	-0.534246575342466	-0.851851851851852	-0.525641025641026						""	""	""	""	""	=if(or(A122 = "R";isnumber(match(c122;a$1:a$1000;0));isnumber(match(h122;a$1:a$1000;0));isnumber(match(d122;a$1:a$1000;0));isnumber(match(i122;a$1:a$1000;0));isnumber(match(e122;a$1:a$1000;0));isnumber(match(j122;a$1:a$1000;0));isnumber(match(f122;a$1:a$1000;0));isnumber(match(k122;a$1:a$1000;0));isnumber(match(g122;a$1:a$1000;0));isnumber(match(l122;a$1:a$1000;0)));0;p122)	From Tree node	001	29	""	""	""	""	""
124	""	 	 	 	 	 	 	 	 	 	""	""	""	""	""	=if(or(A122 = "R";isnumber(match(c122;a$1:a$1000;0));isnumber(match(h122;a$1:a$1000;0));isnumber(match(d122;a$1:a$1000;0));isnumber(match(i122;a$1:a$1000;0));isnumber(match(e122;a$1:a$1000;0));isnumber(match(j122;a$1:a$1000;0));isnumber(match(f122;a$1:a$1000;0));isnumber(match(k122;a$1:a$1000;0));isnumber(match(g122;a$1:a$1000;0));isnumber(match(l122;a$1:a$1000;0)));0;p122)	From Tree node	001	29	""	""	""	""	""
125	""	age< 28.5	mass>=30.95	mass>=41.75	insu< 135	" "	age	mass	mass	insu	" "	0.0708955223880597	0.703703703703704	2.02	0.0498894416804865	=if(or(A126 = "R";isnumber(match(c126;a$1:a$1000;0));isnumber(match(h126;a$1:a$1000;0));isnumber(match(d126;a$1:a$1000;0));isnumber(match(i126;a$1:a$1000;0));isnumber(match(e126;a$1:a$1000;0));isnumber(match(j126;a$1:a$1000;0));isnumber(match(f126;a$1:a$1000;0));isnumber(match(k126;a$1:a$1000;0));isnumber(match(g126;a$1:a$1000;0));isnumber(match(l126;a$1:a$1000;0)));0;p126)	From Tree node	0	23	""	""	1	19	27
126	""	0.193460490463215	0.465882352941176	0.631578947368421	0.303904923599321						""	""	""	""	""	=if(or(A126 = "R";isnumber(match(c126;a$1:a$1000;0));isnumber(match(h126;a$1:a$1000;0));isnumber(match(d126;a$1:a$1000;0));isnumber(match(i126;a$1:a$1000;0));isnumber(match(e126;a$1:a$1000;0));isnumber(match(j126;a$1:a$1000;0));isnumber(match(f126;a$1:a$1000;0));isnumber(match(k126;a$1:a$1000;0));isnumber(match(g126;a$1:a$1000;0));isnumber(match(l126;a$1:a$1000;0)));0;p126)	From Tree node	0	23	""	""	""	""	""
127	""	-0.647058823529412	-0.703703703703704	-0.325581395348837	-0.578947368421053						""	""	""	""	""	=if(or(A126 = "R";isnumber(match(c126;a$1:a$1000;0));isnumber(match(h126;a$1:a$1000;0));isnumber(match(d126;a$1:a$1000;0));isnumber(match(i126;a$1:a$1000;0));isnumber(match(e126;a$1:a$1000;0));isnumber(match(j126;a$1:a$1000;0));isnumber(match(f126;a$1:a$1000;0));isnumber(match(k126;a$1:a$1000;0));isnumber(match(g126;a$1:a$1000;0));isnumber(match(l126;a$1:a$1000;0)));0;p126)	From Tree node	0	23	""	""	""	""	""
128	""	 	 	 	 	 	 	 	 	 	""	""	""	""	""	=if(or(A126 = "R";isnumber(match(c126;a$1:a$1000;0));isnumber(match(h126;a$1:a$1000;0));isnumber(match(d126;a$1:a$1000;0));isnumber(match(i126;a$1:a$1000;0));isnumber(match(e126;a$1:a$1000;0));isnumber(match(j126;a$1:a$1000;0));isnumber(match(f126;a$1:a$1000;0));isnumber(match(k126;a$1:a$1000;0));isnumber(match(g126;a$1:a$1000;0));isnumber(match(l126;a$1:a$1000;0)));0;p126)	From Tree node	0	23	""	""	""	""	""
129	""	plas>=127.5	plas< 154.5	age>=24.5	pedi>=0.7245	" "	plas	plas	age	pedi	" "	0.0597014925373134	0.8	2.29	0.0477611940298507	=if(or(A130 = "R";isnumber(match(c130;a$1:a$1000;0));isnumber(match(h130;a$1:a$1000;0));isnumber(match(d130;a$1:a$1000;0));isnumber(match(i130;a$1:a$1000;0));isnumber(match(e130;a$1:a$1000;0));isnumber(match(j130;a$1:a$1000;0));isnumber(match(f130;a$1:a$1000;0));isnumber(match(k130;a$1:a$1000;0));isnumber(match(g130;a$1:a$1000;0));isnumber(match(l130;a$1:a$1000;0)));0;p130)	From Tree node	22	27	""	""	1	16	20
130	""	0.614840989399293	0.263157894736842	0.431693989071038	0.511278195488722						""	""	""	""	""	=if(or(A130 = "R";isnumber(match(c130;a$1:a$1000;0));isnumber(match(h130;a$1:a$1000;0));isnumber(match(d130;a$1:a$1000;0));isnumber(match(i130;a$1:a$1000;0));isnumber(match(e130;a$1:a$1000;0));isnumber(match(j130;a$1:a$1000;0));isnumber(match(f130;a$1:a$1000;0));isnumber(match(k130;a$1:a$1000;0));isnumber(match(g130;a$1:a$1000;0));isnumber(match(l130;a$1:a$1000;0)));0;p130)	From Tree node	22	27	""	""	""	""	""
131	""	-0.5	-0.847826086956522	-0.653846153846154	-0.537190082644628						""	""	""	""	""	=if(or(A130 = "R";isnumber(match(c130;a$1:a$1000;0));isnumber(match(h130;a$1:a$1000;0));isnumber(match(d130;a$1:a$1000;0));isnumber(match(i130;a$1:a$1000;0));isnumber(match(e130;a$1:a$1000;0));isnumber(match(j130;a$1:a$1000;0));isnumber(match(f130;a$1:a$1000;0));isnumber(match(k130;a$1:a$1000;0));isnumber(match(g130;a$1:a$1000;0));isnumber(match(l130;a$1:a$1000;0)));0;p130)	From Tree node	22	27	""	""	""	""	""
132	""	 	 	 	 	 	 	 	 	 	""	""	""	""	""	=if(or(A130 = "R";isnumber(match(c130;a$1:a$1000;0));isnumber(match(h130;a$1:a$1000;0));isnumber(match(d130;a$1:a$1000;0));isnumber(match(i130;a$1:a$1000;0));isnumber(match(e130;a$1:a$1000;0));isnumber(match(j130;a$1:a$1000;0));isnumber(match(f130;a$1:a$1000;0));isnumber(match(k130;a$1:a$1000;0));isnumber(match(g130;a$1:a$1000;0));isnumber(match(l130;a$1:a$1000;0)));0;p130)	From Tree node	22	27	""	""	""	""	""
133	""	plas>=127.5	plas< 154.5	pedi>=0.3165	preg>=7.5	" "	plas	plas	pedi	preg	" "	0.0559701492537313	0.789473684210526	2.26	0.0441869599371563	=if(or(A134 = "R";isnumber(match(c134;a$1:a$1000;0));isnumber(match(h134;a$1:a$1000;0));isnumber(match(d134;a$1:a$1000;0));isnumber(match(i134;a$1:a$1000;0));isnumber(match(e134;a$1:a$1000;0));isnumber(match(j134;a$1:a$1000;0));isnumber(match(f134;a$1:a$1000;0));isnumber(match(k134;a$1:a$1000;0));isnumber(match(g134;a$1:a$1000;0));isnumber(match(l134;a$1:a$1000;0)));0;p134)	From Tree node	11223	27	""	""	1	15	19
134	""	0.614840989399293	0.263157894736842	0.412162162162162	0.564516129032258						""	""	""	""	""	=if(or(A134 = "R";isnumber(match(c134;a$1:a$1000;0));isnumber(match(h134;a$1:a$1000;0));isnumber(match(d134;a$1:a$1000;0));isnumber(match(i134;a$1:a$1000;0));isnumber(match(e134;a$1:a$1000;0));isnumber(match(j134;a$1:a$1000;0));isnumber(match(f134;a$1:a$1000;0));isnumber(match(k134;a$1:a$1000;0));isnumber(match(g134;a$1:a$1000;0));isnumber(match(l134;a$1:a$1000;0)));0;p134)	From Tree node	11223	27	""	""	""	""	""
135	""	-0.566037735849057	-0.864864864864865	-0.689655172413793	-0.555555555555556						""	""	""	""	""	=if(or(A134 = "R";isnumber(match(c134;a$1:a$1000;0));isnumber(match(h134;a$1:a$1000;0));isnumber(match(d134;a$1:a$1000;0));isnumber(match(i134;a$1:a$1000;0));isnumber(match(e134;a$1:a$1000;0));isnumber(match(j134;a$1:a$1000;0));isnumber(match(f134;a$1:a$1000;0));isnumber(match(k134;a$1:a$1000;0));isnumber(match(g134;a$1:a$1000;0));isnumber(match(l134;a$1:a$1000;0)));0;p134)	From Tree node	11223	27	""	""	""	""	""
136	""	 	 	 	 	 	 	 	 	 	""	""	""	""	""	=if(or(A134 = "R";isnumber(match(c134;a$1:a$1000;0));isnumber(match(h134;a$1:a$1000;0));isnumber(match(d134;a$1:a$1000;0));isnumber(match(i134;a$1:a$1000;0));isnumber(match(e134;a$1:a$1000;0));isnumber(match(j134;a$1:a$1000;0));isnumber(match(f134;a$1:a$1000;0));isnumber(match(k134;a$1:a$1000;0));isnumber(match(g134;a$1:a$1000;0));isnumber(match(l134;a$1:a$1000;0)));0;p134)	From Tree node	11223	27	""	""	""	""	""
